,Mean Scale Score,County Name,School Code,District Code,Zip Code,District Name,Total_Students,Per_Student_Spending,Median,Mean,Pop,YearsTeaching,Enrolled,Utilized,Percent_Eligible,Percent_Utilized,Sanctuary,Age
0,2520.025,Sacramento,100040,67348,95632,GALT JOINT,3455.23,11441.71,64144.0,73007.00,29269.0,13.68,929,448,0.48,0.482238966631,1.0,43.64
2,2419.7625,Sacramento,6033310,67348,95632,GALT JOINT,3455.23,11441.71,64144.0,73007.00,29269.0,13.68,567,463,0.82,0.816578483245,1.0,43.64
4,2535.25,Sacramento,3433471,67355,95632,GALT JOINT,2049.42,11850.39,64144.0,73007.00,29269.0,13.68,947,645,0.68,0.681098204857,1.0,43.64
6,2430.075,Kern,100685,63503,93307,GREENFIELD,8995.08,10319.86,35780.0,43139.00,82658.0,15.3442622951,1014,899,0.89,0.886587771203,0.0,43.9672131148
8,2490.6,Kern,101014,63503,93307,GREENFIELD,8995.08,10319.86,35780.0,43139.00,82658.0,15.3442622951,1048,929,0.89,0.886450381679,0.0,43.9672131148
10,2422.9,Kern,110767,63503,93307,GREENFIELD,8995.08,10319.86,35780.0,43139.00,82658.0,15.3442622951,778,703,0.9,0.903598971722,0.0,43.9672131148
12,2511.25,Kern,6009567,63503,93307,GREENFIELD,8995.08,10319.86,35780.0,43139.00,82658.0,15.3442622951,904,846,0.94,0.935840707965,0.0,43.9672131148
14,2444.26666667,Kern,6111157,63503,93307,GREENFIELD,8995.08,10319.86,35780.0,43139.00,82658.0,15.3442622951,895,813,0.91,0.908379888268,0.0,43.9672131148
16,2548.05,Kern,6112270,63503,93307,GREENFIELD,8995.08,10319.86,35780.0,43139.00,82658.0,15.3442622951,1093,980,0.9,0.896614821592,0.0,43.9672131148
18,2459.3,Kern,116715,63503,93313,GREENFIELD,8995.08,10319.86,62945.0,71113.00,43553.0,15.3442622951,944,771,0.82,0.816737288136,0.0,43.9672131148
20,2382.6,Monterey,6026116,66035,93927,GREENFIELD,3363.3,11080.45,52344.0,63866.00,17547.0,15.3442622951,899,856,0.95,0.952169076752,1.0,43.9672131148
22,2381.2,Monterey,6089387,66035,93927,GREENFIELD,3363.3,11080.45,52344.0,63866.00,17547.0,15.3442622951,784,759,0.97,0.968112244898,1.0,43.9672131148
24,2448.46666667,Monterey,6111645,66035,93927,GREENFIELD,3363.3,11080.45,52344.0,63866.00,17547.0,15.3442622951,1151,1079,0.94,0.937445699392,1.0,43.9672131148
26,2407.4625,Kern,106690,63461,93307,FAIRFAX EL,2575.57,10891.06,35780.0,43139.00,82658.0,10.2105263158,688,627,0.91,0.911337209302,0.0,41.6315789474
27,2493.075,Kern,107987,63461,93307,FAIRFAX EL,2575.57,10891.06,35780.0,43139.00,82658.0,10.2105263158,589,528,0.9,0.896434634975,0.0,41.6315789474
28,2445.225,Kern,129130,63461,93307,FAIRFAX EL,2575.57,10891.06,35780.0,43139.00,82658.0,10.2105263158,732,635,0.87,0.867486338798,0.0,41.6315789474
29,2419.375,Kern,6009500,63461,93307,FAIRFAX EL,2575.57,10891.06,35780.0,43139.00,82658.0,10.2105263158,696,643,0.92,0.923850574713,0.0,41.6315789474
30,2426.1,Kern,6008866,63321,93307,BAKERSFIEL,28918.82,12012.25,35780.0,43139.00,82658.0,14.5140186916,791,756,0.96,0.955752212389,0.0,44.5046728972
31,2386.2,Kern,6008940,63321,93307,BAKERSFIEL,28918.82,12012.25,35780.0,43139.00,82658.0,14.5140186916,860,838,0.97,0.974418604651,0.0,44.5046728972
32,2371.95,Kern,6009138,63321,93307,BAKERSFIEL,28918.82,12012.25,35780.0,43139.00,82658.0,14.5140186916,696,655,0.94,0.941091954023,0.0,44.5046728972
33,2436.65,Kern,6009187,63321,93307,BAKERSFIEL,28918.82,12012.25,35780.0,43139.00,82658.0,14.5140186916,762,743,0.98,0.975065616798,0.0,44.5046728972
34,2487.925,Kern,129189,63321,93306,BAKERSFIEL,28918.82,12012.25,50400.0,62047.00,64587.0,14.5140186916,949,699,0.74,0.736564805058,0.0,44.5046728972
35,2453.75,Kern,6008841,63321,93306,BAKERSFIEL,28918.82,12012.25,50400.0,62047.00,64587.0,14.5140186916,892,709,0.79,0.794843049327,0.0,44.5046728972
36,2411.4,Kern,6008981,63321,93306,BAKERSFIEL,28918.82,12012.25,50400.0,62047.00,64587.0,14.5140186916,851,827,0.97,0.971797884841,0.0,44.5046728972
37,2462.375,Kern,6009021,63321,93306,BAKERSFIEL,28918.82,12012.25,50400.0,62047.00,64587.0,14.5140186916,673,601,0.89,0.893016344725,0.0,44.5046728972
38,2439.925,Kern,6009120,63321,93306,BAKERSFIEL,28918.82,12012.25,50400.0,62047.00,64587.0,14.5140186916,722,685,0.95,0.948753462604,0.0,44.5046728972
39,2478.45,Kern,6009153,63321,93306,BAKERSFIEL,28918.82,12012.25,50400.0,62047.00,64587.0,14.5140186916,954,931,0.98,0.975890985325,0.0,44.5046728972
40,2461.7,Kern,6009161,63321,93306,BAKERSFIEL,28918.82,12012.25,50400.0,62047.00,64587.0,14.5140186916,953,867,0.91,0.909758656873,0.0,44.5046728972
41,2461.45,Kern,6109052,63321,93306,BAKERSFIEL,28918.82,12012.25,50400.0,62047.00,64587.0,14.5140186916,922,889,0.96,0.96420824295,0.0,44.5046728972
42,2473.33333333,Kern,6111264,63321,93306,BAKERSFIEL,28918.82,12012.25,50400.0,62047.00,64587.0,14.5140186916,1084,1012,0.93,0.933579335793,0.0,44.5046728972
43,2470.3,Kern,6008916,63321,93304,BAKERSFIEL,28918.82,12012.25,36371.0,45409.00,48731.0,14.5140186916,805,752,0.93,0.934161490683,0.0,44.5046728972
44,2490.48333333,Kern,6008957,63321,93304,BAKERSFIEL,28918.82,12012.25,36371.0,45409.00,48731.0,14.5140186916,1110,1095,0.99,0.986486486486,0.0,44.5046728972
45,2401.025,Kern,6009047,63321,93304,BAKERSFIEL,28918.82,12012.25,36371.0,45409.00,48731.0,14.5140186916,700,679,0.97,0.97,0.0,44.5046728972
46,2408.06666667,Kern,6009070,63321,93304,BAKERSFIEL,28918.82,12012.25,36371.0,45409.00,48731.0,14.5140186916,792,781,0.99,0.986111111111,0.0,44.5046728972
47,2462.7,Kern,6009005,63321,93309,BAKERSFIEL,28918.82,12012.25,52318.0,62506.00,58409.0,14.5140186916,893,827,0.93,0.926091825308,0.0,44.5046728972
48,2409.53333333,Kern,6009104,63321,93305,BAKERSFIEL,28918.82,12012.25,37340.0,46869.00,37601.0,14.5140186916,872,829,0.95,0.950688073394,0.0,44.5046728972
49,2480.1,Kern,6009179,63321,93305,BAKERSFIEL,28918.82,12012.25,37340.0,46869.00,37601.0,14.5140186916,702,669,0.95,0.952991452991,0.0,44.5046728972
50,2448.675,Kern,6116719,63321,93305,BAKERSFIEL,28918.82,12012.25,37340.0,46869.00,37601.0,14.5140186916,634,562,0.89,0.88643533123,0.0,44.5046728972
51,2446.35,Kern,6009690,63560,93307,LAMONT ELE,2958.4,10666.62,35780.0,43139.00,82658.0,11.2307692308,625,601,0.96,0.9616,0.0,43.1923076923
52,2417.15,Kern,6009674,63560,93241,LAMONT ELE,2958.4,10666.62,32405.0,40337.00,17489.0,11.2307692308,1182,1072,0.91,0.906937394247,0.0,43.1923076923
53,2386.35,Kern,6009682,63560,93241,LAMONT ELE,2958.4,10666.62,32405.0,40337.00,17489.0,11.2307692308,786,674,0.86,0.857506361323,0.0,43.1923076923
54,2441.225,Kern,6009708,63560,93241,LAMONT ELE,2958.4,10666.62,32405.0,40337.00,17489.0,11.2307692308,512,477,0.93,0.931640625,0.0,43.1923076923
55,2471.75,Kern,6010227,63834,93307,VINELAND E,673.29,10784.61,35780.0,43139.00,82658.0,10.5714285714,325,325,1.0,1.0,0.0,40.7142857143
56,2345.4,Kern,6010235,63834,93307,VINELAND E,673.29,10784.61,35780.0,43139.00,82658.0,10.5714285714,407,406,1.0,0.997542997543,0.0,40.7142857143
57,2439.68333333,Kern,113027,63313,93203,ARVIN UNIO,2923.44,11333.82,34000.0,40386.00,20938.0,17.7,865,799,0.92,0.923699421965,0.0,47.45
58,2479.6,Kern,6008817,63313,93203,ARVIN UNIO,2923.44,11333.82,34000.0,40386.00,20938.0,17.7,618,609,0.99,0.985436893204,0.0,47.45
59,2418.525,Kern,6008833,63313,93203,ARVIN UNIO,2923.44,11333.82,34000.0,40386.00,20938.0,17.7,845,822,0.97,0.972781065089,0.0,47.45
60,2418.9375,Kern,6110464,63313,93203,ARVIN UNIO,2923.44,11333.82,34000.0,40386.00,20938.0,17.7,722,686,0.95,0.950138504155,0.0,47.45
61,2433.25,Kern,6010003,63578,93263,RICHLAND U,3269.89,10412.95,39026.0,48059.00,19582.0,10.7037037037,722,662,0.92,0.916897506925,0.0,38.7777777778
62,2391.6,Riverside,100248,73676,92274,COACHELLA ,17583.94,13964.65,32274.0,45901.00,19801.0,12.7898550725,617,566,0.92,0.91734197731,1.0,43.9855072464
63,2509.4,Riverside,100255,73676,92274,COACHELLA ,17583.94,13964.65,32274.0,45901.00,19801.0,12.7898550725,2030,1786,0.88,0.879802955665,1.0,43.9855072464
64,2454.625,Riverside,100263,73676,92274,COACHELLA ,17583.94,13964.65,32274.0,45901.00,19801.0,12.7898550725,1094,1032,0.94,0.943327239488,1.0,43.9855072464
65,2528.05,Riverside,3330990,73676,92274,COACHELLA ,17583.94,13964.65,32274.0,45901.00,19801.0,12.7898550725,2684,2307,0.86,0.859538002981,1.0,43.9855072464
66,2377.4375,Riverside,6032361,73676,92274,COACHELLA ,17583.94,13964.65,32274.0,45901.00,19801.0,12.7898550725,660,635,0.96,0.962121212121,1.0,43.9855072464
67,2504.8,Riverside,112649,73676,92236,COACHELLA ,17583.94,13964.65,44572.0,51110.00,41083.0,12.7898550725,924,766,0.83,0.829004329004,1.0,43.9855072464
68,2434.375,Riverside,113753,73676,92236,COACHELLA ,17583.94,13964.65,44572.0,51110.00,41083.0,12.7898550725,714,685,0.96,0.959383753501,1.0,43.9855072464
69,2408.25,Riverside,6031694,73676,92236,COACHELLA ,17583.94,13964.65,44572.0,51110.00,41083.0,12.7898550725,805,642,0.8,0.79751552795,1.0,43.9855072464
70,2383.15,Riverside,6031702,73676,92236,COACHELLA ,17583.94,13964.65,44572.0,51110.00,41083.0,12.7898550725,501,483,0.96,0.964071856287,1.0,43.9855072464
71,2420.125,Riverside,6031728,73676,92236,COACHELLA ,17583.94,13964.65,44572.0,51110.00,41083.0,12.7898550725,663,617,0.93,0.930618401207,1.0,43.9855072464
72,2385.375,Riverside,6108906,73676,92236,COACHELLA ,17583.94,13964.65,44572.0,51110.00,41083.0,12.7898550725,931,812,0.87,0.872180451128,1.0,43.9855072464
73,2474.55,Riverside,6112874,73676,92236,COACHELLA ,17583.94,13964.65,44572.0,51110.00,41083.0,12.7898550725,966,826,0.86,0.855072463768,1.0,43.9855072464
74,2399.7,Riverside,6032254,73676,92254,COACHELLA ,17583.94,13964.65,26805.0,35425.00,12768.0,12.7898550725,746,705,0.95,0.945040214477,1.0,43.9855072464
75,2409.0125,Riverside,6114789,73676,92254,COACHELLA ,17583.94,13964.65,26805.0,35425.00,12768.0,12.7898550725,1087,984,0.91,0.905243790248,1.0,43.9855072464
76,2585.5,Kern,100529,63412,93215,DELANO JOI,3954.25,13377.76,32969.0,41555.00,49806.0,11.1851851852,1515,1342,0.89,0.885808580858,0.0,40.037037037
77,2519.55,Kern,1531672,63412,93215,DELANO JOI,3954.25,13377.76,32969.0,41555.00,49806.0,11.1851851852,1414,1333,0.94,0.942715700141,0.0,40.037037037
78,2451.26666667,Kern,6009351,63404,93215,DELANO UNI,5392.37,11926.57,32969.0,41555.00,49806.0,12.2553191489,672,614,0.91,0.91369047619,0.0,39.8085106383
79,2379.2,Kern,6009369,63404,93215,DELANO UNI,5392.37,11926.57,32969.0,41555.00,49806.0,12.2553191489,548,474,0.86,0.86496350365,0.0,39.8085106383
80,2348.35,Kern,6111355,63404,93215,DELANO UNI,5392.37,11926.57,32969.0,41555.00,49806.0,12.2553191489,585,508,0.87,0.868376068376,0.0,39.8085106383
81,2478.45,Kern,6115471,63404,93215,DELANO UNI,5392.37,11926.57,32969.0,41555.00,49806.0,12.2553191489,628,571,0.91,0.90923566879,0.0,39.8085106383
82,2477.05,Sutter,100537,71464,95993,YUBA CITY ,11678.86,10818.09,62526.0,74115.00,36067.0,15.4571428571,1234,1004,0.81,0.813614262561,0.0,46.6666666667
83,2492.75,Sutter,107722,71464,95993,YUBA CITY ,11678.86,10818.09,62526.0,74115.00,36067.0,15.4571428571,1820,1203,0.66,0.660989010989,0.0,46.6666666667
84,2479.8,Sutter,5139001,71464,95991,YUBA CITY ,11678.86,10818.09,45045.0,56070.00,40593.0,15.4571428571,1854,1204,0.65,0.649406688242,0.0,46.6666666667
85,2454.6,Napa,101568,66266,94558,NAPA VALLE,16098.92,11193.09,71873.0,89645.00,65373.0,12.5663716814,813,535,0.66,0.658056580566,1.0,44.4690265487
86,2514.2,Napa,2830016,66266,94558,NAPA VALLE,16098.92,11193.09,71873.0,89645.00,65373.0,12.5663716814,1782,735,0.41,0.412457912458,1.0,44.4690265487
87,2487.55,Napa,2835601,66266,94558,NAPA VALLE,16098.92,11193.09,71873.0,89645.00,65373.0,12.5663716814,1906,1021,0.54,0.535676810073,1.0,44.4690265487
88,2379.0,Napa,6026942,66266,94558,NAPA VALLE,16098.92,11193.09,71873.0,89645.00,65373.0,12.5663716814,417,353,0.85,0.846522781775,1.0,44.4690265487
89,2504.08333333,Napa,6058788,66266,94558,NAPA VALLE,16098.92,11193.09,71873.0,89645.00,65373.0,12.5663716814,963,544,0.56,0.564901349948,1.0,44.4690265487
90,2484.75,Napa,6058796,66266,94558,NAPA VALLE,16098.92,11193.09,71873.0,89645.00,65373.0,12.5663716814,895,575,0.64,0.642458100559,1.0,44.4690265487
91,2461.3,Napa,6026900,66266,94559,NAPA VALLE,16098.92,11193.09,58468.0,75492.00,26848.0,12.5663716814,435,363,0.83,0.834482758621,1.0,44.4690265487
92,2418.06666667,Napa,6026934,66266,94559,NAPA VALLE,16098.92,11193.09,58468.0,75492.00,26848.0,12.5663716814,499,442,0.89,0.885771543086,1.0,44.4690265487
93,2487.65,Santa Barbara,102285,69310,93454,SANTA MARI,7344.49,12450.35,50421.0,66590.00,36448.0,11.1296296296,2713,1993,0.73,0.734611131589,0.0,44.0925925926
95,2506.95,Santa Barbara,4236030,69310,93454,SANTA MARI,7344.49,12450.35,50421.0,66590.00,36448.0,11.1296296296,2618,2257,0.86,0.862108479756,0.0,44.0925925926
97,2413.7375,Santa Barbara,6045967,69120,93454,SANTA MARI,16285.79,11325.49,50421.0,66590.00,36448.0,11.1296296296,988,924,0.94,0.935222672065,0.0,44.0925925926
99,2481.725,Santa Barbara,6046015,69120,93454,SANTA MARI,16285.79,11325.49,50421.0,66590.00,36448.0,11.1296296296,949,829,0.87,0.873551106428,0.0,44.0925925926
101,2405.5,Santa Barbara,6046023,69120,93454,SANTA MARI,16285.79,11325.49,50421.0,66590.00,36448.0,11.1296296296,794,622,0.78,0.783375314861,0.0,44.0925925926
103,2396.45,Santa Barbara,6046031,69120,93454,SANTA MARI,16285.79,11325.49,50421.0,66590.00,36448.0,11.1296296296,904,841,0.93,0.930309734513,0.0,44.0925925926
105,2448.55,Santa Barbara,6046056,69120,93454,SANTA MARI,16285.79,11325.49,50421.0,66590.00,36448.0,11.1296296296,902,816,0.9,0.90465631929,0.0,44.0925925926
107,2359.06666667,Santa Barbara,6107007,69120,93454,SANTA MARI,16285.79,11325.49,50421.0,66590.00,36448.0,11.1296296296,884,752,0.85,0.850678733032,0.0,44.0925925926
109,2520.45,Santa Barbara,4234613,69310,93455,SANTA MARI,7344.49,12450.35,65671.0,78693.00,41684.0,11.1296296296,2226,1262,0.57,0.566936208446,0.0,44.0925925926
111,2488.1,Santa Barbara,6119820,69120,93455,SANTA MARI,16285.79,11325.49,65671.0,78693.00,41684.0,11.1296296296,642,571,0.89,0.889408099688,0.0,44.0925925926
113,2393.575,Santa Barbara,102848,69120,93458,SANTA MARI,16285.79,11325.49,46488.0,55474.00,55431.0,11.1296296296,759,720,0.95,0.948616600791,0.0,44.0925925926
115,2520.925,Santa Barbara,102855,69120,93458,SANTA MARI,16285.79,11325.49,46488.0,55474.00,55431.0,11.1296296296,1133,923,0.81,0.814651368049,0.0,44.0925925926
117,2376.4,Santa Barbara,102863,69120,93458,SANTA MARI,16285.79,11325.49,46488.0,55474.00,55431.0,11.1296296296,887,769,0.87,0.866967305524,0.0,44.0925925926
119,2416.425,Santa Barbara,131623,69120,93458,SANTA MARI,16285.79,11325.49,46488.0,55474.00,55431.0,11.1296296296,969,802,0.83,0.827657378741,0.0,44.0925925926
121,2431.1,Santa Barbara,6045272,69120,93458,SANTA MARI,16285.79,11325.49,46488.0,55474.00,55431.0,11.1296296296,570,538,0.94,0.943859649123,0.0,44.0925925926
123,2417.3,Santa Barbara,6045959,69120,93458,SANTA MARI,16285.79,11325.49,46488.0,55474.00,55431.0,11.1296296296,983,941,0.96,0.957273652085,0.0,44.0925925926
125,2472.25,Santa Barbara,6045991,69120,93458,SANTA MARI,16285.79,11325.49,46488.0,55474.00,55431.0,11.1296296296,830,771,0.93,0.928915662651,0.0,44.0925925926
127,2406.375,Santa Barbara,6046007,69120,93458,SANTA MARI,16285.79,11325.49,46488.0,55474.00,55431.0,11.1296296296,771,736,0.95,0.954604409857,0.0,44.0925925926
129,2392.0125,Santa Barbara,6046049,69120,93458,SANTA MARI,16285.79,11325.49,46488.0,55474.00,55431.0,11.1296296296,964,907,0.94,0.940871369295,0.0,44.0925925926
131,2392.5625,Santa Barbara,6046064,69120,93458,SANTA MARI,16285.79,11325.49,46488.0,55474.00,55431.0,11.1296296296,959,891,0.93,0.929092805005,0.0,44.0925925926
133,2440.65,Santa Barbara,6109268,69120,93458,SANTA MARI,16285.79,11325.49,46488.0,55474.00,55431.0,11.1296296296,987,908,0.92,0.919959473151,0.0,44.0925925926
135,2474.075,Tulare,102574,75523,93257,PORTERVILL,12783.42,11103.47,37914.0,47043.00,64774.0,15.9893617021,713,569,0.8,0.798036465638,0.0,45.0
136,2492.575,Tulare,110692,75523,93257,PORTERVILL,12783.42,11103.47,37914.0,47043.00,64774.0,15.9893617021,599,415,0.69,0.692821368948,0.0,45.0
137,2563.25,Tulare,5430251,75523,93257,PORTERVILL,12783.42,11103.47,37914.0,47043.00,64774.0,15.9893617021,1388,1226,0.88,0.883285302594,0.0,45.0
138,2549.25,Tulare,5432786,75523,93257,PORTERVILL,12783.42,11103.47,37914.0,47043.00,64774.0,15.9893617021,1969,1301,0.66,0.660741493144,0.0,45.0
139,2576.35,Tulare,5434113,75523,93257,PORTERVILL,12783.42,11103.47,37914.0,47043.00,64774.0,15.9893617021,1925,1351,0.7,0.701818181818,0.0,45.0
140,2471.225,Tulare,6054225,75523,93257,PORTERVILL,12783.42,11103.47,37914.0,47043.00,64774.0,15.9893617021,528,462,0.88,0.875,0.0,45.0
141,2434.05,Tulare,6054241,75523,93257,PORTERVILL,12783.42,11103.47,37914.0,47043.00,64774.0,15.9893617021,661,637,0.96,0.963691376702,0.0,45.0
142,2438.325,Tulare,6054258,75523,93257,PORTERVILL,12783.42,11103.47,37914.0,47043.00,64774.0,15.9893617021,694,656,0.95,0.945244956772,0.0,45.0
143,2489.28333333,Tulare,6054266,75523,93257,PORTERVILL,12783.42,11103.47,37914.0,47043.00,64774.0,15.9893617021,822,682,0.83,0.829683698297,0.0,45.0
144,2472.875,Tulare,109009,71837,93257,BURTON ELE,4512.39,10207.79,37914.0,47043.00,64774.0,8.05405405405,2023,1284,0.63,0.634700939199,0.0,38.3243243243
145,2396.5,Tulare,6053870,71837,93257,BURTON ELE,4512.39,10207.79,37914.0,47043.00,64774.0,8.05405405405,585,508,0.87,0.868376068376,0.0,38.3243243243
146,2493.475,Tulare,6100267,71837,93257,BURTON ELE,4512.39,10207.79,37914.0,47043.00,64774.0,8.05405405405,588,428,0.73,0.727891156463,0.0,38.3243243243
147,2422.45,Tulare,6120232,71837,93257,BURTON ELE,4512.39,10207.79,37914.0,47043.00,64774.0,8.05405405405,452,377,0.83,0.83407079646,0.0,38.3243243243
148,2452.0,Tulare,6054779,72298,93257,WOODVILLE ,413.57,14782.43,37914.0,47043.00,64774.0,15.6666666667,434,400,0.92,0.921658986175,0.0,49.3333333333
149,2533.5,San Diego,105726,73791,92069,SAN MARCOS,20068.05,10185.34,61985.0,73224.00,46369.0,9.60330578512,2547,1149,0.45,0.451118963486,1.0,40.5619834711
150,2426.575,San Diego,6039085,73791,92069,SAN MARCOS,20068.05,10185.34,61985.0,73224.00,46369.0,9.60330578512,785,467,0.59,0.594904458599,1.0,40.5619834711
151,2484.18333333,San Diego,6039093,73791,92069,SAN MARCOS,20068.05,10185.34,61985.0,73224.00,46369.0,9.60330578512,1239,919,0.74,0.741727199354,1.0,40.5619834711
152,2475.6,San Diego,6095061,73791,92069,SAN MARCOS,20068.05,10185.34,61985.0,73224.00,46369.0,9.60330578512,1377,639,0.46,0.464052287582,1.0,40.5619834711
153,2542.9,San Diego,3737632,73791,92078,SAN MARCOS,20068.05,10185.34,69619.0,92537.00,42906.0,9.60330578512,3338,1152,0.35,0.345116836429,1.0,40.5619834711
154,2549.3,Santa Cruz,105858,69799,95076,PAJARO VAL,17310.67,12922.64,54034.0,69688.00,82474.0,10.952,1406,1212,0.86,0.862019914651,1.0,45.672
155,2433.45,Santa Cruz,109595,69799,95076,PAJARO VAL,17310.67,12922.64,54034.0,69688.00,82474.0,10.952,636,584,0.92,0.918238993711,1.0,45.672
156,2473.05,Santa Cruz,4437901,69799,95076,PAJARO VAL,17310.67,12922.64,54034.0,69688.00,82474.0,10.952,2116,1685,0.8,0.796313799622,1.0,45.672
157,2353.6,Santa Cruz,6049639,69799,95076,PAJARO VAL,17310.67,12922.64,54034.0,69688.00,82474.0,10.952,599,515,0.86,0.859766277129,1.0,45.672
158,2428.5,Santa Cruz,6049688,69799,95076,PAJARO VAL,17310.67,12922.64,54034.0,69688.00,82474.0,10.952,656,595,0.91,0.907012195122,1.0,45.672
159,2355.35,Santa Cruz,6049746,69799,95076,PAJARO VAL,17310.67,12922.64,54034.0,69688.00,82474.0,10.952,654,562,0.86,0.859327217125,1.0,45.672
160,2493.575,Santa Cruz,6049753,69799,95076,PAJARO VAL,17310.67,12922.64,54034.0,69688.00,82474.0,10.952,488,465,0.95,0.952868852459,1.0,45.672
161,2482.46666667,Santa Cruz,6049787,69799,95076,PAJARO VAL,17310.67,12922.64,54034.0,69688.00,82474.0,10.952,629,586,0.93,0.931637519873,1.0,45.672
162,2345.6,Santa Cruz,6049803,69799,95076,PAJARO VAL,17310.67,12922.64,54034.0,69688.00,82474.0,10.952,607,510,0.84,0.840197693575,1.0,45.672
163,2388.275,Santa Cruz,6108138,69799,95076,PAJARO VAL,17310.67,12922.64,54034.0,69688.00,82474.0,10.952,528,461,0.87,0.873106060606,1.0,45.672
164,2434.2,Santa Cruz,6108146,69799,95076,PAJARO VAL,17310.67,12922.64,54034.0,69688.00,82474.0,10.952,646,560,0.87,0.866873065015,1.0,45.672
165,2438.275,Santa Cruz,6112841,69799,95076,PAJARO VAL,17310.67,12922.64,54034.0,69688.00,82474.0,10.952,713,651,0.91,0.913043478261,1.0,45.672
166,2430.85,San Diego,105882,68452,92084,VISTA UNIF,20843.77,11739.39,55352.0,69043.00,47654.0,14.4057971014,644,606,0.94,0.94099378882,1.0,44.6376811594
167,2489.8,San Diego,3738705,68452,92084,VISTA UNIF,20843.77,11739.39,55352.0,69043.00,47654.0,14.4057971014,2515,1709,0.68,0.679522862823,1.0,44.6376811594
168,2453.1,San Diego,6059802,68452,92084,VISTA UNIF,20843.77,11739.39,55352.0,69043.00,47654.0,14.4057971014,803,718,0.89,0.894146948941,1.0,44.6376811594
169,2410.41666667,San Diego,6040596,68452,92083,VISTA UNIF,20843.77,11739.39,55031.0,66359.00,36975.0,14.4057971014,645,609,0.94,0.944186046512,1.0,44.6376811594
170,2445.5,San Diego,6040653,68452,92083,VISTA UNIF,20843.77,11739.39,55031.0,66359.00,36975.0,14.4057971014,608,498,0.82,0.819078947368,1.0,44.6376811594
171,2510.5,Stanislaus,108076,71043,95307,CERES UNIF,12788.1,10907.92,47914.0,56950.00,42753.0,8.31182795699,1976,1658,0.84,0.839068825911,0.0,39.935483871
172,2403.65,Stanislaus,6052435,71043,95307,CERES UNIF,12788.1,10907.92,47914.0,56950.00,42753.0,8.31182795699,564,523,0.93,0.927304964539,0.0,39.935483871
173,2510.1,Stanislaus,6085013,71043,95307,CERES UNIF,12788.1,10907.92,47914.0,56950.00,42753.0,8.31182795699,734,654,0.89,0.891008174387,0.0,39.935483871
174,2474.8,Stanislaus,6112346,71043,95307,CERES UNIF,12788.1,10907.92,47914.0,56950.00,42753.0,8.31182795699,671,602,0.9,0.897168405365,0.0,39.935483871
175,2505.35,Madera,109694,65243,93638,MADERA UNI,19011.95,10950.81,40096.0,52034.00,49068.0,13.1644736842,897,814,0.91,0.907469342252,0.0,43.7171052632
176,2374.4,Madera,6023964,65243,93638,MADERA UNI,19011.95,10950.81,40096.0,52034.00,49068.0,13.1644736842,753,733,0.97,0.973439575033,0.0,43.7171052632
177,2381.1,Madera,6024020,65243,93638,MADERA UNI,19011.95,10950.81,40096.0,52034.00,49068.0,13.1644736842,697,670,0.96,0.961262553802,0.0,43.7171052632
178,2428.125,Madera,6024046,65243,93638,MADERA UNI,19011.95,10950.81,40096.0,52034.00,49068.0,13.1644736842,580,568,0.98,0.979310344828,0.0,43.7171052632
179,2465.825,Madera,6112973,65243,93638,MADERA UNI,19011.95,10950.81,40096.0,52034.00,49068.0,13.1644736842,982,934,0.95,0.951120162933,0.0,43.7171052632
180,2484.15,Madera,110965,65243,93637,MADERA UNI,19011.95,10950.81,48776.0,60412.00,37743.0,13.1644736842,3156,2899,0.92,0.918567807351,0.0,43.7171052632
181,2508.5,Madera,2035707,65243,93637,MADERA UNI,19011.95,10950.81,48776.0,60412.00,37743.0,13.1644736842,2092,1601,0.77,0.765296367113,0.0,43.7171052632
182,2445.65,Madera,6024053,65243,93637,MADERA UNI,19011.95,10950.81,48776.0,60412.00,37743.0,13.1644736842,899,763,0.85,0.84872080089,0.0,43.7171052632
183,2491.9,Sacramento,112078,67413,95612,RIVER DELT,1818.12,11482.86,93934.0,118896.00,1239.0,12.3571428571,278,164,0.59,0.589928057554,1.0,42.5
184,2510.175,Imperial,112318,63099,92231,CALEXICO U,8756.05,12330.45,40509.0,52062.00,39073.0,13.48,681,515,0.76,0.75624082232,0.0,44.28
185,2445.15,Imperial,113985,63099,92231,CALEXICO U,8756.05,12330.45,40509.0,52062.00,39073.0,13.48,899,606,0.67,0.674082313682,0.0,44.28
186,2430.2,Imperial,1332154,63099,92231,CALEXICO U,8756.05,12330.45,40509.0,52062.00,39073.0,13.48,189,178,0.94,0.941798941799,0.0,44.28
187,2504.15,Imperial,1332204,63099,92231,CALEXICO U,8756.05,12330.45,40509.0,52062.00,39073.0,13.48,3059,2510,0.82,0.820529584832,0.0,44.28
188,2370.7,Imperial,6008346,63099,92231,CALEXICO U,8756.05,12330.45,40509.0,52062.00,39073.0,13.48,639,590,0.92,0.923317683881,0.0,44.28
189,2376.3625,Imperial,6008361,63099,92231,CALEXICO U,8756.05,12330.45,40509.0,52062.00,39073.0,13.48,749,662,0.88,0.883845126836,0.0,44.28
190,2383.3,Imperial,6008379,63099,92231,CALEXICO U,8756.05,12330.45,40509.0,52062.00,39073.0,13.48,661,640,0.97,0.968229954614,0.0,44.28
191,2418.0,Imperial,6008387,63099,92231,CALEXICO U,8756.05,12330.45,40509.0,52062.00,39073.0,13.48,518,495,0.96,0.955598455598,0.0,44.28
192,2352.85,Imperial,6099485,63099,92231,CALEXICO U,8756.05,12330.45,40509.0,52062.00,39073.0,13.48,591,537,0.91,0.908629441624,0.0,44.28
193,2430.4,Imperial,6106975,63099,92231,CALEXICO U,8756.05,12330.45,40509.0,52062.00,39073.0,13.48,442,407,0.92,0.920814479638,0.0,44.28
194,2460.325,Imperial,6111587,63099,92231,CALEXICO U,8756.05,12330.45,40509.0,52062.00,39073.0,13.48,772,702,0.91,0.90932642487,0.0,44.28
195,2416.65,Madera,113076,65193,93610,CHOWCHILLA,2123.15,9568.43,40658.0,55934.00,23833.0,13.1875,490,397,0.81,0.810204081633,0.0,41.6875
197,2497.05,Madera,6023907,65193,93610,CHOWCHILLA,2123.15,9568.43,40658.0,55934.00,23833.0,13.1875,469,380,0.81,0.810234541578,0.0,41.6875
199,2492.5,Madera,6023931,65193,93610,CHOWCHILLA,2123.15,9568.43,40658.0,55934.00,23833.0,13.1875,504,396,0.79,0.785714285714,0.0,41.6875
201,2441.31,Tulare,114595,72157,93267,STRATHMORE,771.18,10445.9,35980.0,48606.00,6237.0,15.6666666667,797,772,0.97,0.968632371393,0.0,47.3333333333
202,2491.35,San Benito,115428,67470,95023,HOLLISTER,5125.87,11020.47,66792.0,78393.00,48841.0,15.925,713,416,0.58,0.583450210379,0.0,44.95
203,2397.575,San Benito,6035026,67470,95023,HOLLISTER,5125.87,11020.47,66792.0,78393.00,48841.0,15.925,659,340,0.52,0.51593323217,0.0,44.95
204,2416.05,San Benito,6035034,67470,95023,HOLLISTER,5125.87,11020.47,66792.0,78393.00,48841.0,15.925,437,351,0.8,0.803203661327,0.0,44.95
205,2424.51666667,San Benito,6035042,67470,95023,HOLLISTER,5125.87,11020.47,66792.0,78393.00,48841.0,15.925,578,426,0.74,0.737024221453,0.0,44.95
206,2461.65,San Benito,6071088,67470,95023,HOLLISTER,5125.87,11020.47,66792.0,78393.00,48841.0,15.925,866,431,0.5,0.497690531178,0.0,44.95
207,2424.26666667,San Benito,6104509,67470,95023,HOLLISTER,5125.87,11020.47,66792.0,78393.00,48841.0,15.925,464,389,0.84,0.838362068966,0.0,44.95
208,2498.61666667,San Benito,6112320,67470,95023,HOLLISTER,5125.87,11020.47,66792.0,78393.00,48841.0,15.925,722,476,0.66,0.659279778393,0.0,44.95
209,2435.8,San Benito,6114557,67470,95023,HOLLISTER,5125.87,11020.47,66792.0,78393.00,48841.0,15.925,257,198,0.77,0.770428015564,0.0,44.95
210,2566.05,San Benito,3537008,67538,95023,SAN BENITO,2841.64,10752.83,66792.0,78393.00,48841.0,10.3333333333,2975,1591,0.53,0.534789915966,0.0,52.3333333333
212,2496.225,San Benito,6095202,67504,95023,NORTH COUN,723.86,8429.15,66792.0,78393.00,48841.0,14.4,747,358,0.48,0.479250334672,0.0,43.8
213,2565.8,Tulare,116368,72249,93274,TULARE JOI,5170.65,11929.05,48504.0,56458.00,69721.0,13.7666666667,1550,1113,0.72,0.718064516129,0.0,42.8666666667
214,2539.75,Tulare,5435409,72249,93274,TULARE JOI,5170.65,11929.05,48504.0,56458.00,69721.0,13.7666666667,1675,1176,0.7,0.702089552239,0.0,42.8666666667
215,2574.65,Tulare,5435466,72249,93274,TULARE JOI,5170.65,11929.05,48504.0,56458.00,69721.0,13.7666666667,2023,1513,0.75,0.747899159664,0.0,42.8666666667
216,2455.4,Stanislaus,117770,75572,95386,WATERFORD ,1712.77,11875.34,56569.0,63629.00,9877.0,13.347826087,359,316,0.88,0.880222841226,0.0,44.5217391304
217,2355.05,Stanislaus,118513,75572,95386,WATERFORD ,1712.77,11875.34,56569.0,63629.00,9877.0,13.347826087,544,473,0.87,0.869485294118,0.0,44.5217391304
218,2484.55,Stanislaus,6053219,75572,95386,WATERFORD ,1712.77,11875.34,56569.0,63629.00,9877.0,13.347826087,260,226,0.87,0.869230769231,0.0,44.5217391304
219,2449.2,Tulare,123653,71993,93247,LINDSAY UN,4007.32,13088.84,35142.0,45626.00,17423.0,13.8571428571,443,423,0.95,0.954853273138,0.0,42.0571428571
220,2431.61666667,Tulare,123661,71993,93247,LINDSAY UN,4007.32,13088.84,35142.0,45626.00,17423.0,13.8571428571,385,367,0.95,0.953246753247,0.0,42.0571428571
221,2560.8,Tulare,5432414,71993,93247,LINDSAY UN,4007.32,13088.84,35142.0,45626.00,17423.0,13.8571428571,1082,1023,0.95,0.945471349353,0.0,42.0571428571
222,2486.96666667,Tulare,6054142,71993,93247,LINDSAY UN,4007.32,13088.84,35142.0,45626.00,17423.0,13.8571428571,457,432,0.95,0.945295404814,0.0,42.0571428571
223,2460.27,Tulare,6054159,71993,93247,LINDSAY UN,4007.32,13088.84,35142.0,45626.00,17423.0,13.8571428571,699,651,0.93,0.931330472103,0.0,42.0571428571
224,2418.85,Tulare,6107262,71993,93247,LINDSAY UN,4007.32,13088.84,35142.0,45626.00,17423.0,13.8571428571,433,400,0.92,0.923787528868,0.0,42.0571428571
225,2569.6,Merced,127373,65789,95348,MERCED UNI,9759.03,12202.03,46837.0,61232.00,30805.0,14.3114754098,1664,1160,0.7,0.697115384615,0.0,42.5737704918
226,2546.9,Merced,2430601,65789,95301,MERCED UNI,9759.03,12202.03,48155.0,61228.00,37073.0,14.3114754098,1826,1484,0.81,0.812705366922,0.0,42.5737704918
227,2461.35,San Diego,131920,68114,92028,FALLBROOK ,4766.89,11836.67,65635.0,84717.00,46239.0,15.075,579,414,0.72,0.715025906736,1.0,43.35
229,2535.65,San Diego,6038269,68114,92028,FALLBROOK ,4766.89,11836.67,65635.0,84717.00,46239.0,15.075,525,382,0.73,0.727619047619,1.0,43.35
231,2465.525,San Diego,6038277,68114,92028,FALLBROOK ,4766.89,11836.67,65635.0,84717.00,46239.0,15.075,800,586,0.73,0.7325,1.0,43.35
233,2429.0625,San Diego,6038285,68114,92028,FALLBROOK ,4766.89,11836.67,65635.0,84717.00,46239.0,15.075,555,510,0.92,0.918918918919,1.0,43.35
235,2404.4125,San Diego,6109524,68114,92028,FALLBROOK ,4766.89,11836.67,65635.0,84717.00,46239.0,15.075,592,443,0.75,0.748310810811,1.0,43.35
237,2386.9,San Diego,6116420,68114,92028,FALLBROOK ,4766.89,11836.67,65635.0,84717.00,46239.0,15.075,539,413,0.77,0.766233766234,1.0,43.35
239,2524.3,San Diego,3732179,68122,92028,FALLBROOK ,2111.95,13829.97,65635.0,84717.00,46239.0,15.075,1962,1211,0.62,0.617227319062,1.0,43.35
241,2476.2,San Diego,6040562,68437,92028,VALLECITOS,198.83,12309.12,65635.0,84717.00,46239.0,17.5,216,192,0.89,0.888888888889,1.0,56.0
242,2600.5,Alameda,133397,61200,94550,LIVERMORE ,12722.78,10380.03,102388.0,118144.00,46896.0,15.4051724138,2261,435,0.19,0.192392746572,1.0,46.0862068966
243,2471.37,Alameda,6001234,61200,94551,LIVERMORE ,12722.78,10380.03,91402.0,108326.00,36867.0,15.4051724138,888,573,0.65,0.64527027027,1.0,46.0862068966
244,2414.075,Alameda,6001317,61200,94551,LIVERMORE ,12722.78,10380.03,91402.0,108326.00,36867.0,15.4051724138,416,322,0.77,0.774038461538,1.0,46.0862068966
245,2603.75,Fresno,1030121,73809,93622,FIREBAUGH-,2222.61,12491.92,30556.0,38874.00,9581.0,13.2105263158,664,586,0.88,0.882530120482,0.0,43.7368421053
246,2450.8,Fresno,6005995,73809,93622,FIREBAUGH-,2222.61,12491.92,30556.0,38874.00,9581.0,13.2105263158,513,465,0.91,0.906432748538,0.0,43.7368421053
247,2504.45,Fresno,6006019,73809,93622,FIREBAUGH-,2222.61,12491.92,30556.0,38874.00,9581.0,13.2105263158,498,446,0.9,0.895582329317,0.0,43.7368421053
248,2439.25,Fresno,1030493,75127,93640,MENDOTA UN,3157.67,10268.35,25078.0,32213.00,11880.0,11.5769230769,885,878,0.99,0.99209039548,0.0,46.0
249,2421.0125,Fresno,6006969,75127,93640,MENDOTA UN,3157.67,10268.35,25078.0,32213.00,11880.0,11.5769230769,860,853,0.99,0.991860465116,0.0,46.0
250,2435.775,Fresno,6006977,75127,93640,MENDOTA UN,3157.67,10268.35,25078.0,32213.00,11880.0,11.5769230769,491,482,0.98,0.9816700611,0.0,46.0
251,2514.35,Fresno,1030626,73965,93722,CENTRAL UN,14981.79,9954.86,57216.0,67371.00,76448.0,12.8131868132,4168,2583,0.62,0.61972168906,0.0,43.956043956
254,2530.15,Imperial,1330133,63115,92243,CENTRAL UN,3900.13,11271.07,45894.0,57787.00,48030.0,12.8131868132,2161,1567,0.73,0.7251272559,0.0,43.956043956
257,2550.4,Imperial,1333004,63115,92243,CENTRAL UN,3900.13,11271.07,45894.0,57787.00,48030.0,12.8131868132,1869,1431,0.77,0.765650080257,0.0,43.956043956
260,2553.55,Fresno,1033430,73999,93630,KERMAN UNI,4944.46,9955.42,47055.0,61373.00,19162.0,11.7368421053,1458,1134,0.78,0.777777777778,0.0,40.7105263158
261,2437.85,Fresno,6006688,73999,93630,KERMAN UNI,4944.46,9955.42,47055.0,61373.00,19162.0,11.7368421053,725,675,0.93,0.931034482759,0.0,40.7105263158
262,2506.05,Fresno,6006696,73999,93630,KERMAN UNI,4944.46,9955.42,47055.0,61373.00,19162.0,11.7368421053,849,705,0.83,0.83038869258,0.0,40.7105263158
263,2478.4,Fresno,1034990,62364,93648,PARLIER UN,3232.13,11407.61,35902.0,49371.00,15719.0,13.1923076923,894,866,0.97,0.968680089485,0.0,43.7692307692
264,2435.15,Fresno,6115224,62364,93648,PARLIER UN,3232.13,11407.61,35902.0,49371.00,15719.0,13.1923076923,555,546,0.98,0.983783783784,0.0,43.7692307692
265,2589.9,Fresno,1035310,62265,93654,KINGS CANY,9205.5,11077.44,48952.0,58890.00,29776.0,14.0684931507,1793,1166,0.65,0.650306748466,0.0,43.9589041096
266,2494.5,Fresno,1036672,62430,93662,SELMA UNIF,6154.01,12293.08,43938.0,54484.00,30237.0,12.1568627451,1780,1364,0.77,0.766292134831,0.0,42.2549019608
267,2395.61666667,Fresno,6007256,62430,93662,SELMA UNIF,6154.01,12293.08,43938.0,54484.00,30237.0,12.1568627451,498,472,0.95,0.947791164659,0.0,42.2549019608
268,2485.125,Fresno,6111124,62430,93662,SELMA UNIF,6154.01,12293.08,43938.0,54484.00,30237.0,12.1568627451,940,799,0.85,0.85,0.0,42.2549019608
269,2535.8,Fresno,1038306,76778,93706,WASHINGTON,2468.77,13169.23,29736.0,39314.00,41087.0,18.0,1057,897,0.85,0.848628192999,0.0,45.5
272,2474.15,Imperial,6008445,63123,92243,EL CENTRO ,4725.48,11573.94,45894.0,57787.00,48030.0,16.7142857143,370,328,0.89,0.886486486486,0.0,47.5714285714
273,2440.9,Imperial,6008478,63123,92243,EL CENTRO ,4725.48,11573.94,45894.0,57787.00,48030.0,16.7142857143,439,399,0.91,0.908883826879,0.0,47.5714285714
274,2398.65,Imperial,6008486,63123,92243,EL CENTRO ,4725.48,11573.94,45894.0,57787.00,48030.0,16.7142857143,352,334,0.95,0.948863636364,0.0,47.5714285714
275,2508.0,Imperial,6008494,63123,92243,EL CENTRO ,4725.48,11573.94,45894.0,57787.00,48030.0,16.7142857143,624,477,0.76,0.764423076923,0.0,47.5714285714
276,2471.08333333,Imperial,6108823,63123,92243,EL CENTRO ,4725.48,11573.94,45894.0,57787.00,48030.0,16.7142857143,452,425,0.94,0.940265486726,0.0,47.5714285714
277,2400.225,Imperial,6008619,63198,92243,MEADOWS UN,469.09,11940.3,45894.0,57787.00,48030.0,13.5,503,369,0.73,0.733598409543,0.0,38.5
278,2456.6,Imperial,1331354,63081,92227,BRAWLEY UN,1743.59,12226.12,44028.0,58935.00,26219.0,15.2,151,128,0.85,0.847682119205,0.0,43.1
279,2525.9,Imperial,1331404,63081,92227,BRAWLEY UN,1743.59,12226.12,44028.0,58935.00,26219.0,15.2,1687,1181,0.7,0.700059276823,0.0,43.1
280,2490.625,Imperial,6008262,63073,92227,BRAWLEY EL,3839.71,10738.01,44028.0,58935.00,26219.0,15.3076923077,910,733,0.81,0.805494505495,0.0,46.6538461538
281,2394.02,Imperial,6008270,63073,92227,BRAWLEY EL,3839.71,10738.01,44028.0,58935.00,26219.0,15.3076923077,605,582,0.96,0.961983471074,0.0,46.6538461538
282,2442.6375,Imperial,6008288,63073,92227,BRAWLEY EL,3839.71,10738.01,44028.0,58935.00,26219.0,15.3076923077,810,773,0.95,0.954320987654,0.0,46.6538461538
283,2410.65,Imperial,6008296,63073,92227,BRAWLEY EL,3839.71,10738.01,44028.0,58935.00,26219.0,15.3076923077,827,632,0.76,0.764207980653,0.0,46.6538461538
284,2408.85,Imperial,6008304,63073,92227,BRAWLEY EL,3839.71,10738.01,44028.0,58935.00,26219.0,15.3076923077,828,690,0.83,0.833333333333,0.0,46.6538461538
285,2572.95,Imperial,1332501,63107,92233,CALIPATRIA,1105.8,12898.81,16479.0,22742.00,3802.0,19.7777777778,366,293,0.8,0.800546448087,0.0,46.7777777778
286,2479.9,Imperial,6008395,63107,92233,CALIPATRIA,1105.8,12898.81,16479.0,22742.00,3802.0,19.7777777778,358,304,0.85,0.849162011173,0.0,46.7777777778
287,2402.55,Imperial,6103535,63107,92233,CALIPATRIA,1105.8,12898.81,16479.0,22742.00,3802.0,19.7777777778,367,309,0.84,0.841961852861,0.0,46.7777777778
288,2562.7,Imperial,1335306,63149,92250,HOLTVILLE ,1546.59,11384.16,39177.0,57499.00,8285.0,12.4,534,379,0.71,0.709737827715,0.0,45.8
289,2440.61666667,Imperial,6008510,63149,92250,HOLTVILLE ,1546.59,11384.16,39177.0,57499.00,8285.0,12.4,534,401,0.75,0.750936329588,0.0,45.8
290,2507.11666667,Imperial,6008528,63149,92250,HOLTVILLE ,1546.59,11384.16,39177.0,57499.00,8285.0,12.4,279,212,0.76,0.759856630824,0.0,45.8
291,2546.2,Kern,1534155,73908,93250,MCFARLAND ,3377.82,10605.27,36087.0,42849.00,13522.0,10.1052631579,929,828,0.89,0.891280947255,0.0,37.4736842105
292,2402.125,Kern,6009765,73908,93250,MCFARLAND ,3377.82,10605.27,36087.0,42849.00,13522.0,10.1052631579,707,642,0.91,0.908062234795,0.0,37.4736842105
293,2494.8,Kern,6106306,73908,93250,MCFARLAND ,3377.82,10605.27,36087.0,42849.00,13522.0,10.1052631579,822,746,0.91,0.907542579075,0.0,37.4736842105
294,2550.2,Kern,1536440,63859,93280,WASCO UNIO,1714.26,11543.5,18916.0,23420.00,14134.0,13.08,1757,1409,0.8,0.801935116676,0.0,45.8
296,2363.2,Kern,6010243,63842,93280,WASCO UNIO,3488.38,10321.26,18916.0,23420.00,14134.0,13.08,568,536,0.94,0.943661971831,0.0,45.8
298,2394.65,Kern,6010250,63842,93280,WASCO UNIO,3488.38,10321.26,18916.0,23420.00,14134.0,13.08,750,676,0.9,0.901333333333,0.0,45.8
300,2463.0,Kern,6010268,63842,93280,WASCO UNIO,3488.38,10321.26,18916.0,23420.00,14134.0,13.08,757,668,0.88,0.882430647292,0.0,45.8
302,2427.8,Lake,1735000,64022,95457,KONOCTI UN,3026.7,12873.66,50341.0,68322.00,2893.0,9.78571428571,863,637,0.74,0.738122827346,0.0,44.3214285714
303,2577.85,Los Angeles,1930361,64212,90715,ABC UNIFIE,20041.91,10409.54,67387.0,78305.00,20388.0,15.1857142857,1482,1135,0.77,0.765856950067,1.0,45.2142857143
304,2433.93333333,Los Angeles,6010912,64212,90715,ABC UNIFIE,20041.91,10409.54,67387.0,78305.00,20388.0,15.1857142857,490,457,0.93,0.932653061224,1.0,45.2142857143
305,2457.3,Los Angeles,1931641,64212,90703,ABC UNIFIE,20041.91,10409.54,91216.0,104665.00,49399.0,15.1857142857,278,180,0.65,0.647482014388,1.0,45.2142857143
306,2592.8,Los Angeles,1933159,64212,90703,ABC UNIFIE,20041.91,10409.54,91216.0,104665.00,49399.0,15.1857142857,1955,1076,0.55,0.550383631714,1.0,45.2142857143
307,2446.6125,Los Angeles,6010920,64212,90716,ABC UNIFIE,20041.91,10409.54,54929.0,59668.00,14184.0,15.1857142857,368,355,0.96,0.964673913043,1.0,45.2142857143
308,2465.52857143,Los Angeles,6010979,64212,90716,ABC UNIFIE,20041.91,10409.54,54929.0,59668.00,14184.0,15.1857142857,386,377,0.98,0.976683937824,1.0,45.2142857143
309,2540.85,Los Angeles,6061238,64212,90716,ABC UNIFIE,20041.91,10409.54,54929.0,59668.00,14184.0,15.1857142857,389,347,0.89,0.892030848329,1.0,45.2142857143
310,2461.6,Los Angeles,6010946,64212,90701,ABC UNIFIE,20041.91,10409.54,57404.0,70206.00,16591.0,15.1857142857,715,507,0.71,0.709090909091,1.0,45.2142857143
311,2508.15,Los Angeles,6057442,64212,90701,ABC UNIFIE,20041.91,10409.54,57404.0,70206.00,16591.0,15.1857142857,594,392,0.66,0.659932659933,1.0,45.2142857143
312,2614.05,Los Angeles,1932680,64519,91732,EL MONTE U,8522.02,13049.52,44934.0,55573.00,61386.0,16.9836065574,1341,1252,0.93,0.933631618195,1.0,45.6721311475
313,2574.0,Los Angeles,1937481,64519,91770,EL MONTE U,8522.02,13049.52,49191.0,62602.00,62097.0,16.9836065574,1847,1499,0.81,0.811586356253,1.0,45.6721311475
314,2529.8,Los Angeles,6022198,64931,91770,ROSEMEAD E,2475.38,11751.94,49191.0,62602.00,62097.0,12.8095238095,621,509,0.82,0.819645732689,1.0,45.6666666667
315,2528.95,Los Angeles,1936467,64840,90650,NORWALK-LA,17544.17,11557.16,61036.0,69108.00,105549.0,14.6525423729,2085,1714,0.82,0.82206235012,1.0,46.8728813559
316,2443.81666667,Los Angeles,6020952,64840,90650,NORWALK-LA,17544.17,11557.16,61036.0,69108.00,105549.0,14.6525423729,476,442,0.93,0.928571428571,1.0,46.8728813559
317,2493.6,Los Angeles,6020994,64840,90650,NORWALK-LA,17544.17,11557.16,61036.0,69108.00,105549.0,14.6525423729,511,450,0.88,0.880626223092,1.0,46.8728813559
318,2534.825,Los Angeles,6021042,64840,90650,NORWALK-LA,17544.17,11557.16,61036.0,69108.00,105549.0,14.6525423729,1188,1006,0.85,0.846801346801,1.0,46.8728813559
319,2522.65,Mendocino,2335024,65615,95482,UKIAH UNIF,5554.15,11928.74,48088.0,59227.00,31808.0,11.4857142857,1616,1046,0.65,0.647277227723,0.0,44.6
320,2473.475,Mendocino,6025233,65615,95482,UKIAH UNIF,5554.15,11928.74,48088.0,59227.00,31808.0,11.4857142857,819,639,0.78,0.78021978022,0.0,44.6
321,2536.95,Monterey,2730109,66159,93905,SALINAS UN,14258.86,11654.4,40152.0,51143.00,61080.0,11.7023809524,2838,2309,0.81,0.813601127555,1.0,43.9642857143
322,2445.775,Monterey,6058762,66159,93905,SALINAS UN,14258.86,11654.4,40152.0,51143.00,61080.0,11.7023809524,1102,999,0.91,0.906533575318,1.0,43.9642857143
323,2482.6,Monterey,6118129,66159,93905,SALINAS UN,14258.86,11654.4,40152.0,51143.00,61080.0,11.7023809524,1114,972,0.87,0.872531418312,1.0,43.9642857143
324,2528.1,Monterey,2730166,66159,93906,SALINAS UN,14258.86,11654.4,61903.0,71225.00,59461.0,11.7023809524,2645,1648,0.62,0.623062381853,1.0,43.9642857143
325,2585.35,Monterey,2733178,66159,93906,SALINAS UN,14258.86,11654.4,61903.0,71225.00,59461.0,11.7023809524,2216,1450,0.65,0.654332129964,1.0,43.9642857143
326,2486.875,Monterey,6110753,66159,93906,SALINAS UN,14258.86,11654.4,61903.0,71225.00,59461.0,11.7023809524,1279,959,0.75,0.749804534793,1.0,43.9642857143
327,2471.35,Monterey,6058770,66159,93901,SALINAS UN,14258.86,11654.4,52862.0,68481.00,26863.0,11.7023809524,1280,921,0.72,0.71953125,1.0,43.9642857143
328,2381.05,Monterey,6025977,65961,93905,ALISAL UNI,8631.0,10541.27,40152.0,51143.00,61080.0,7.18867924528,697,644,0.92,0.923959827834,1.0,41.8490566038
329,2401.85,Monterey,6025985,65961,93905,ALISAL UNI,8631.0,10541.27,40152.0,51143.00,61080.0,7.18867924528,675,552,0.82,0.817777777778,1.0,41.8490566038
330,2394.925,Monterey,6025993,65961,93905,ALISAL UNI,8631.0,10541.27,40152.0,51143.00,61080.0,7.18867924528,887,770,0.87,0.86809470124,1.0,41.8490566038
331,2411.925,Monterey,6026009,65961,93905,ALISAL UNI,8631.0,10541.27,40152.0,51143.00,61080.0,7.18867924528,832,820,0.99,0.985576923077,1.0,41.8490566038
332,2397.98333333,Monterey,6101802,65961,93905,ALISAL UNI,8631.0,10541.27,40152.0,51143.00,61080.0,7.18867924528,817,803,0.98,0.982864137087,1.0,41.8490566038
333,2343.8,Monterey,6106959,65961,93905,ALISAL UNI,8631.0,10541.27,40152.0,51143.00,61080.0,7.18867924528,799,654,0.82,0.818523153942,1.0,41.8490566038
334,2418.9625,Monterey,6113542,65961,93905,ALISAL UNI,8631.0,10541.27,40152.0,51143.00,61080.0,7.18867924528,801,731,0.91,0.912609238452,1.0,41.8490566038
335,2375.65,Monterey,6117691,65961,93905,ALISAL UNI,8631.0,10541.27,40152.0,51143.00,61080.0,7.18867924528,716,620,0.87,0.865921787709,1.0,41.8490566038
336,2327.15,Monterey,6120273,65961,93905,ALISAL UNI,8631.0,10541.27,40152.0,51143.00,61080.0,7.18867924528,612,551,0.9,0.900326797386,1.0,41.8490566038
337,2406.6,Monterey,6026611,66142,93905,SALINAS CI,8588.79,10700.4,40152.0,51143.00,61080.0,9.625,933,875,0.94,0.93783494105,1.0,40.3928571429
338,2391.625,Monterey,6026595,66142,93906,SALINAS CI,8588.79,10700.4,61903.0,71225.00,59461.0,9.625,659,581,0.88,0.881638846737,1.0,40.3928571429
339,2340.9,Monterey,6026603,66142,93901,SALINAS CI,8588.79,10700.4,52862.0,68481.00,26863.0,9.625,621,551,0.89,0.887278582931,1.0,40.3928571429
340,2387.0,Monterey,6026660,66191,93906,SANTA RITA,3340.06,9044.13,61903.0,71225.00,59461.0,14.3529411765,660,536,0.81,0.812121212121,1.0,48.8235294118
341,2442.05,Monterey,6102925,66191,93906,SANTA RITA,3340.06,9044.13,61903.0,71225.00,59461.0,14.3529411765,588,435,0.74,0.739795918367,1.0,48.8235294118
342,2481.7,Monterey,2730174,66068,93927,SOUTH MONT,2031.45,11738.66,52344.0,63866.00,17547.0,14.0,1174,1008,0.86,0.85860306644,1.0,42.7777777778
343,2533.55,Monterey,2732170,66068,93930,SOUTH MONT,2031.45,11738.66,53175.0,63466.00,15866.0,14.0,1076,812,0.75,0.754646840149,1.0,42.7777777778
344,2451.825,Monterey,6026124,66050,93930,KING CITY ,2533.48,10568.74,53175.0,63466.00,15866.0,11.1764705882,840,758,0.9,0.902380952381,1.0,42.5882352941
345,2343.85,Monterey,6026132,66050,93930,KING CITY ,2533.48,10568.74,53175.0,63466.00,15866.0,11.1764705882,663,641,0.97,0.966817496229,1.0,42.5882352941
346,2523.1,Monterey,2730885,75473,93926,GONZALES U,2293.54,12226.3,51638.0,65378.00,8726.0,6.76470588235,785,658,0.84,0.83821656051,1.0,37.3529411765
347,2452.0375,Monterey,6026090,75473,93926,GONZALES U,2293.54,12226.3,51638.0,65378.00,8726.0,6.76470588235,747,662,0.89,0.886211512718,1.0,37.3529411765
348,2403.325,Monterey,6066955,75473,93926,GONZALES U,2293.54,12226.3,51638.0,65378.00,8726.0,6.76470588235,803,682,0.85,0.849315068493,1.0,37.3529411765
349,2549.55,San Diego,3735313,68106,92027,ESCONDIDO ,7037.57,12576.46,62651.0,75435.00,53881.0,14.3757961783,1836,1571,0.86,0.855664488017,1.0,44.5796178344
351,2503.2,San Joaquin,3932001,68593,95336,MANTECA UN,22157.3,9859.08,58811.0,70062.00,42675.0,15.5350318471,1639,885,0.54,0.539963392312,0.0,44.2547770701
352,2435.40833333,San Joaquin,6042311,68593,95231,MANTECA UN,22157.3,9859.08,48825.0,58738.00,4374.0,15.5350318471,616,553,0.9,0.897727272727,0.0,44.2547770701
353,2483.6,San Joaquin,3934783,68585,95242,LODI UNIFI,27165.3,10653.84,69039.0,87799.00,25393.0,13.7783251232,2180,1122,0.51,0.514678899083,0.0,45.4334975369
354,2440.45,San Joaquin,6042220,68585,95242,LODI UNIFI,27165.3,10653.84,69039.0,87799.00,25393.0,13.7783251232,972,752,0.77,0.77366255144,0.0,45.4334975369
355,2512.1,San Mateo,4136693,69062,94062,SEQUOIA UN,8145.13,16658.26,126761.0,177920.00,25876.0,13.5466666667,2133,1051,0.49,0.492733239569,1.0,44.0933333333
356,2533.5,Santa Clara,4335204,69427,95123,EAST SIDE ,21942.58,11879.64,87168.0,100470.00,62228.0,12.9817073171,1837,1000,0.54,0.544365813827,1.0,42.6646341463
357,2532.35,Santa Clara,4337903,69427,95121,EAST SIDE ,21942.58,11879.64,87496.0,100442.00,37469.0,12.9817073171,2537,1075,0.42,0.423728813559,1.0,42.6646341463
358,2482.25,Santa Clara,6047161,69435,95121,EVERGREEN ,11449.43,9818.25,87496.0,100442.00,37469.0,15.8166666667,408,286,0.7,0.700980392157,1.0,46.0333333333
360,2534.65,Solano,4832259,70532,95620,DIXON UNIF,3116.59,10576.19,65910.0,80785.00,20553.0,9.58823529412,1135,537,0.47,0.473127753304,0.0,45.2352941176
361,2489.15,Solano,6051023,70532,95620,DIXON UNIF,3116.59,10576.19,65910.0,80785.00,20553.0,9.58823529412,527,305,0.58,0.578747628083,0.0,45.2352941176
362,2343.9,Solano,6120240,70532,95620,DIXON UNIF,3116.59,10576.19,65910.0,80785.00,20553.0,9.58823529412,420,300,0.71,0.714285714286,0.0,45.2352941176
363,2526.25,Tulare,5431184,75531,93618,DINUBA UNI,6241.81,10778.71,40862.0,53636.00,28262.0,14.488372093,1988,1565,0.79,0.78722334004,0.0,45.2558139535
364,2478.5,Tulare,6053995,75531,93618,DINUBA UNI,6241.81,10778.71,40862.0,53636.00,28262.0,14.488372093,982,801,0.82,0.815682281059,0.0,45.2558139535
365,2482.6,Tulare,5433230,71860,93647,CUTLER-ORO,3990.92,10738.7,32961.0,44857.00,11874.0,12.7894736842,1117,1061,0.95,0.949865711728,0.0,43.2105263158
366,2469.16666667,Tulare,6118111,71860,93647,CUTLER-ORO,3990.92,10738.7,32961.0,44857.00,11874.0,12.7894736842,914,885,0.97,0.968271334792,0.0,43.2105263158
367,2496.55,Ventura,5630389,72546,93036,OXNARD UNI,15323.34,11428.27,66894.0,76879.00,41691.0,13.7204301075,3153,2387,0.76,0.757056771329,0.0,45.8924731183
368,2523.65,Ventura,5634548,72546,93036,OXNARD UNI,15323.34,11428.27,66894.0,76879.00,41691.0,13.7204301075,2788,1750,0.63,0.62769010043,0.0,45.8924731183
369,2510.6,Ventura,5631742,72546,93033,OXNARD UNI,15323.34,11428.27,50412.0,60120.00,82728.0,13.7204301075,2559,2097,0.82,0.819460726846,0.0,45.8924731183
370,2502.25,Ventura,5632849,72546,93033,OXNARD UNI,15323.34,11428.27,50412.0,60120.00,82728.0,13.7204301075,2130,1850,0.87,0.868544600939,0.0,45.8924731183
371,2387.18333333,Ventura,6055024,72462,93033,HUENEME EL,8126.55,11110.8,50412.0,60120.00,82728.0,18.803030303,1031,1005,0.97,0.974781765276,0.0,46.8939393939
372,2436.95,Ventura,6055032,72462,93033,HUENEME EL,8126.55,11110.8,50412.0,60120.00,82728.0,18.803030303,1391,1309,0.94,0.941049604601,0.0,46.8939393939
373,2489.2,Ventura,5632021,72454,93015,FILLMORE U,3622.35,11912.75,63778.0,73873.00,17332.0,14.1538461538,1073,755,0.7,0.703634669152,0.0,43.8461538462
374,2578.2,Yolo,5738505,72702,95694,WINTERS JO,1465.73,11575.81,63576.0,81652.00,9156.0,12.5,459,275,0.6,0.599128540305,0.0,44.0
375,2484.15,Imperial,6008502,63131,92249,HEBER ELEM,1185.82,10700.89,45716.0,55639.00,7334.0,12.25,657,628,0.96,0.955859969559,0.0,41.9166666667
376,2522.86666667,Imperial,6008569,63164,92251,IMPERIAL U,3996.01,9888.27,46779.0,60009.00,21583.0,13.8636363636,979,465,0.47,0.474974463739,0.0,44.0454545455
377,2449.75,Imperial,6008650,63230,92281,WESTMORLAN,360.69,11620.37,29391.0,39354.00,2432.0,7.66666666667,372,351,0.94,0.943548387097,0.0,33.3333333333
378,2432.15,Kern,6009278,63370,93206,BUTTONWILL,346.3,11895.29,47394.0,57539.00,2300.0,1.33333333333,344,186,0.54,0.540697674419,0.0,33.0
379,2438.7,Kern,6010151,63800,93268,TAFT CITY,2126.58,10227.67,38557.0,50200.00,16897.0,12.1739130435,521,453,0.87,0.869481765835,0.0,46.3043478261
380,2451.625,Merced,6025704,65771,95340,MERCED CIT,10420.09,10367.13,51764.0,70079.00,33931.0,18.156626506,548,504,0.92,0.919708029197,0.0,48.2891566265
381,2406.6,Merced,6107908,65771,95340,MERCED CIT,10420.09,10367.13,51764.0,70079.00,33931.0,18.156626506,699,667,0.95,0.954220314735,0.0,48.2891566265
382,2365.3,Merced,6115729,65771,95340,MERCED CIT,10420.09,10367.13,51764.0,70079.00,33931.0,18.156626506,605,590,0.98,0.97520661157,0.0,48.2891566265
383,2368.0,Merced,6025787,65821,95365,PLANADA EL,763.26,11724.09,35309.0,47279.00,4985.0,14.4,550,512,0.93,0.930909090909,0.0,44.8
384,2470.9,Merced,6120448,65821,95365,PLANADA EL,763.26,11724.09,35309.0,47279.00,4985.0,14.4,255,233,0.91,0.913725490196,0.0,44.8
385,2475.05,Monterey,6026397,73825,95012,NORTH MONT,4285.47,11865.33,53647.0,59937.00,10320.0,11.6296296296,634,573,0.9,0.903785488959,1.0,43.6296296296
386,2492.075,Monterey,6026421,73825,95012,NORTH MONT,4285.47,11865.33,53647.0,59937.00,10320.0,11.6296296296,672,569,0.85,0.846726190476,1.0,43.6296296296
387,2374.1,Monterey,6026405,73825,93907,NORTH MONT,4285.47,11865.33,74063.0,83919.00,21726.0,11.6296296296,531,466,0.88,0.877589453861,1.0,43.6296296296
388,2413.7,Monterey,6026678,75440,93960,SOLEDAD UN,4617.91,11551.95,33197.0,38998.00,16971.0,13.3,778,727,0.93,0.934447300771,1.0,43.15
389,2399.25,Orange,6030365,66670,92704,SANTA ANA ,48248.76,12520.16,58595.0,69696.00,88123.0,14.8964401294,529,503,0.95,0.950850661626,0.0,44.7087378641
390,2474.85,Orange,6058986,66670,92704,SANTA ANA ,48248.76,12520.16,58595.0,69696.00,88123.0,14.8964401294,1455,1251,0.86,0.859793814433,0.0,44.7087378641
391,2488.43333333,Orange,6094684,66670,92703,SANTA ANA ,48248.76,12520.16,52393.0,62707.00,65445.0,14.8964401294,868,780,0.9,0.898617511521,0.0,44.7087378641
392,2439.85,Orange,6107692,66670,92705,SANTA ANA ,48248.76,12520.16,86937.0,115209.00,44706.0,14.8964401294,693,644,0.93,0.929292929293,0.0,44.7087378641
393,2461.025,Riverside,6031983,67058,92201,DESERT SAN,25237.96,12162.14,46951.0,57831.00,61827.0,15.2034883721,634,572,0.9,0.902208201893,1.0,47.2790697674
394,2541.1,Riverside,6032015,67058,92201,DESERT SAN,25237.96,12162.14,46951.0,57831.00,61827.0,15.2034883721,653,620,0.95,0.949464012251,1.0,47.2790697674
395,2468.4,San Benito,6035117,75259,95045,AROMAS/SAN,1067.83,9893.87,80796.0,101468.00,4046.0,13.5,335,247,0.74,0.737313432836,0.0,45.5
396,2430.125,San Luis Obispo,6101570,75457,93446,PASO ROBLE,6439.94,11166.44,60862.0,76121.00,43714.0,14.0,714,404,0.57,0.565826330532,0.0,45.3272727273
397,2416.0,San Luis Obispo,6043319,68825,93451,SAN MIGUEL,576.55,11614.75,66225.0,86642.00,3779.0,12.5714285714,372,250,0.67,0.672043010753,0.0,42.7142857143
398,2464.8,San Mateo,6043665,68890,94019,CABRILLO U,3140.98,10746.56,98239.0,129782.00,18424.0,12.3888888889,792,321,0.41,0.405303030303,1.0,45.8888888889
399,2395.38333333,Santa Barbara,6045512,69203,93434,GUADALUPE ,1168.2,12093.64,42627.0,47529.00,7110.0,10.5555555556,862,696,0.81,0.807424593968,0.0,40.8888888889
400,2452.78333333,Santa Barbara,6045520,69203,93434,GUADALUPE ,1168.2,12093.64,42627.0,47529.00,7110.0,10.5555555556,436,391,0.9,0.896788990826,0.0,40.8888888889
401,2449.6,Santa Clara,6047922,69583,95037,MORGAN HIL,8013.63,10226.93,99390.0,120102.00,45579.0,13.1636363636,470,324,0.69,0.689361702128,1.0,41.8363636364
402,2470.85,Santa Clara,6095384,69583,95037,MORGAN HIL,8013.63,10226.93,99390.0,120102.00,45579.0,13.1636363636,842,416,0.49,0.49406175772,1.0,41.8363636364
403,2397.65,Santa Clara,6047948,69583,95046,MORGAN HIL,8013.63,10226.93,109510.0,139519.00,6417.0,13.1636363636,621,393,0.63,0.632850241546,1.0,41.8363636364
404,2485.875,Santa Clara,6048094,69625,95111,OAK GROVE ,9997.85,10800.5,64712.0,77140.00,58466.0,12.1643835616,600,360,0.6,0.6,1.0,43.4109589041
406,2401.4,Santa Clara,6048128,69625,95111,OAK GROVE ,9997.85,10800.5,64712.0,77140.00,58466.0,12.1643835616,467,405,0.87,0.867237687366,1.0,43.4109589041
408,2374.85,Sonoma,6052369,75358,95492,WINDSOR UN,3844.59,10764.42,74318.0,86546.00,28532.0,13.0833333333,1141,535,0.47,0.46888694128,1.0,43.8055555556
409,2412.0,Sonoma,6107221,75358,95492,WINDSOR UN,3844.59,10764.42,74318.0,86546.00,28532.0,13.0833333333,454,178,0.39,0.392070484581,1.0,43.8055555556
410,2539.05,Sutter,6053276,71399,95953,LIVE OAK U,1722.36,10463.61,45413.0,57554.00,10718.0,14.7647058824,516,454,0.88,0.87984496124,0.0,41.2941176471
411,2442.38,Tulare,6054035,71902,93219,EARLIMART ,1834.18,12092.03,25783.0,33171.00,10194.0,9.18181818182,579,546,0.94,0.943005181347,0.0,44.2727272727
412,2505.0,Tulare,6054761,76794,93286,WOODLAKE U,2089.72,12093.61,40295.0,48861.00,9548.0,12.6153846154,498,441,0.89,0.885542168675,0.0,43.6153846154
413,2434.75,Merced,6058689,65755,93635,LOS BANOS ,9887.11,10752.05,53587.0,63389.00,38776.0,12.5098039216,878,436,0.5,0.496583143508,0.0,44.4509803922
414,2439.35,San Mateo,6059984,69070,94080,SOUTH SAN ,8454.06,11027.13,75511.0,88733.00,63403.0,12.046875,617,367,0.59,0.594813614263,1.0,40.59375
415,2407.7,Kern,6060420,63594,93249,LOST HILLS,540.55,12963.22,31101.0,40854.00,2739.0,11.2,324,235,0.73,0.725308641975,0.0,40.4
416,2470.71666667,Kern,6102792,63594,93249,LOST HILLS,540.55,12963.22,31101.0,40854.00,2739.0,11.2,186,97,0.52,0.521505376344,0.0,40.4
417,2586.8,Alameda,6066476,61192,94545,HAYWARD UN,19670.34,12758.72,70672.0,82388.00,29707.0,12.0421686747,732,511,0.7,0.698087431694,1.0,44.9939759036
418,2391.85,San Diego,6093272,75614,92082,VALLEY CEN,3831.78,11947.51,78667.0,103557.00,19037.0,17.6896551724,942,525,0.56,0.557324840764,1.0,47.5172413793
419,2470.43333333,Alameda,6097679,61242,94587,NEW HAVEN ,11341.68,11157.17,90746.0,98262.00,69516.0,15.5789473684,1252,778,0.62,0.621405750799,1.0,44.2368421053
420,2529.1,Tulare,6100275,75325,93223,FARMERSVIL,2438.27,12110.87,34804.0,42933.00,10604.0,15.48,415,337,0.81,0.812048192771,0.0,46.44
421,2388.0,Fresno,6113849,62125,93234,COALINGA-H,4159.06,12503.97,24305.0,30793.00,6987.0,10.4583333333,378,353,0.93,0.933862433862,0.0,44.7916666667
